﻿{
  "Addresses": [
    {
      "CustomerID": "11011",
      "AddressType": "Home",
      "Address": {
        "AddressLine1": {
          "Street": "867 La Orinda Place",
          "City": "Lincoln Acres",
          "StateProvinceName": "California",
          "PostalCode": "91950"
        },
        "AddressLine2": {
          "Street": "NULL",
          "City": "NULL",
          "StateProvinceName": "NULL",
          "PostalCode": "NULL"
        }
      },
      "Country": "United States"
    },
    {
      "CustomerID": "11012",
      "AddressType": "Home",
      "Address": {
        "AddressLine1": {
          "Street": "8668 St. Celestine Court",
          "City": "Lebanon",
          "StateProvinceName": "Oregon",
          "PostalCode": "97355"
        },
        "AddressLine2": {
          "Street": "NULL",
          "City": "NULL",
          "StateProvinceName": "NULL",
          "PostalCode": "NULL"
        }
      },
      "Country": "United States"
    },
    {
      "CustomerID": "11013",
      "AddressType": "Home",
      "Address": {
        "AddressLine1": {
          "Street": "7926 Stephanie Way",
          "City": "Newport Beach",
          "StateProvinceName": "California",
          "PostalCode": "92625"
        },
        "AddressLine2": {
          "Street": "24,Ward street",
          "City": "Newport Beach",
          "StateProvinceName": "California",
          "PostalCode": "92625"
        }
      },
      "Country": "United States"
    },
    {
      "CustomerID": "11014",
      "AddressType": "Home",
      "Address": {
        "AddressLine1": {
          "Street": "2939 Wesley Ct.",
          "City": "Santa Monica",
          "StateProvinceName": "California",
          "PostalCode": "90401"
        },
        "AddressLine2": {
          "Street": "NULL",
          "City": "NULL",
          "StateProvinceName": "NULL",
          "PostalCode": "NULL"
        }
      },
      "Country": "United States"
    },
    {
      "CustomerID": "11015",
      "AddressType": "Home",
      "Address": {
        "AddressLine1": {
          "Street": "3791 Rossmor Parkway",
          "City": "Chula Vista",
          "StateProvinceName": "California",
          "PostalCode": "91910"
        },
        "AddressLine2": {
          "Street": "NULL",
          "City": "NULL",
          "StateProvinceName": "NULL",
          "PostalCode": "NULL"
        }
      },
      "Country": "United States"
    },
    {
      "CustomerID": "11016",
      "AddressType": "Home",
      "Address": {
        "AddressLine1": {
          "Street": "4308 Sand Pointe Lane",
          "City": "San Diego",
          "StateProvinceName": "California",
          "PostalCode": "92102"
        },
        "AddressLine2": {
          "Street": "Wales Street",
          "City": "San Diego",
          "StateProvinceName": "California",
          "PostalCode": "92102"
        }
      },
      "Country": "United States"
    },
    {
      "CustomerID": "11017",
      "AddressType": "Home",
      "Address": {
        "AddressLine1": {
          "Street": "2685 Blackburn Ct",
          "City": "Long Beach",
          "StateProvinceName": "California",
          "PostalCode": "90802"
        },
        "AddressLine2": {
          "Street": "NULL",
          "City": "NULL",
          "StateProvinceName": "NULL",
          "PostalCode": "NULL"
        }
      },
      "Country": "United States"
    },
    {
      "CustomerID": "11018",
      "AddressType": "Home",
      "Address": {
        "AddressLine1": {
          "Street": "5781 Sharon Dr.",
          "City": "Los Angeles",
          "StateProvinceName": "California",
          "PostalCode": "90012"
        },
        "AddressLine2": {
          "Street": "12,Berkly Lane",
          "City": "Los Angeles",
          "StateProvinceName": "California",
          "PostalCode": "90012"
        }
      },
      "Country": "United States"
    },
    {
      "CustomerID": "11019",
      "AddressType": "Home",
      "Address": {
        "AddressLine1": {
          "Street": "6083 San Jose",
          "City": "Haney",
          "StateProvinceName": "British Columbia",
          "PostalCode": "V2W 1W2"
        },
        "AddressLine2": {
          "Street": "NULL",
          "City": "NULL",
          "StateProvinceName": "NULL",
          "PostalCode": "NULL"
        }
      },
      "Country": "Canada"
    },
    {
      "CustomerID": "11020",
      "AddressType": "Home",
      "Address": {
        "AddressLine1": {
          "Street": "7297 Kaywood Drive",
          "City": "East Brisbane",
          "StateProvinceName": "Queensland",
          "PostalCode": "4169"
        },
        "AddressLine2": {
          "Street": "NULL",
          "City": "NULL",
          "StateProvinceName": "NULL",
          "PostalCode": "NULL"
        }
      },
      "Country": "Australia"
    }
  ]
}